{"cameraMode":{"drawMode":0,"name":"Shaded","section":"Shading Mode"},"sceneLighting":true,"audioPlay":false,"sceneViewState":{"showFog":true,"showMaterialUpdate":false,"showSkybox":false,"showFlares":true,"showImageEffects":true,"showParticleSystems":true},"in2DMode":false,"pivot":{"x":-5.8097076416015629,"y":-0.1463489532470703,"z":3.649066925048828},"rotation":{"x":-0.19885791838169099,"y":-0.8003085255622864,"z":0.4200300872325897,"w":-0.3789372444152832},"size":33.544471740722659,"orthographic":false}