{"cameraMode":{"drawMode":0,"name":"Shaded","section":"Shading Mode"},"sceneLighting":false,"audioPlay":false,"sceneViewState":{"showFog":false,"showMaterialUpdate":false,"showSkybox":false,"showFlares":false,"showImageEffects":false,"showParticleSystems":false},"in2DMode":false,"pivot":{"x":0.47926566004753115,"y":0.9996589422225952,"z":0.5077803134918213},"rotation":{"x":0.02370685525238514,"y":-0.9749883413314819,"z":0.17926150560379029,"w":0.1297759711742401},"size":6.629528045654297,"orthographic":false}