{"cameraMode":{"drawMode":0,"name":"Shaded","section":"Shading Mode"},"sceneLighting":true,"audioPlay":false,"sceneViewState":{"showFog":true,"showMaterialUpdate":false,"showSkybox":false,"showFlares":true,"showImageEffects":true,"showParticleSystems":true},"in2DMode":false,"pivot":{"x":5.960464477539063e-8,"y":0.7138001918792725,"z":0.0},"rotation":{"x":0.015145362354815007,"y":0.9513754844665527,"z":-0.047430310398340228,"w":0.30401942133903506},"size":3.6159636974334719,"orthographic":false}