{"cameraMode":{"drawMode":0,"name":"Shaded","section":"Shading Mode"},"sceneLighting":true,"audioPlay":false,"sceneViewState":{"showFog":false,"showMaterialUpdate":false,"showSkybox":false,"showFlares":false,"showImageEffects":false,"showParticleSystems":false},"in2DMode":false,"pivot":{"x":-9.800000190734864,"y":0.7138001918792725,"z":-3.200000047683716},"rotation":{"x":-0.33344319462776186,"y":-0.06694484502077103,"z":0.023747356608510019,"w":-0.9402111172676086},"size":4.754991054534912,"orthographic":false}