{"cameraMode":{"drawMode":0,"name":"Shaded","section":"Shading Mode"},"sceneLighting":true,"audioPlay":false,"sceneViewState":{"showFog":false,"showMaterialUpdate":false,"showSkybox":false,"showFlares":false,"showImageEffects":false,"showParticleSystems":false},"in2DMode":false,"pivot":{"x":-1.4659115076065064,"y":-3.5147199630737306,"z":2.557485580444336},"rotation":{"x":-0.40534648299217226,"y":-0.0019014934077858925,"z":0.0008531245402991772,"w":-0.9142837524414063},"size":22.0,"orthographic":false}